Vg,Id,Is,Ig,Vd,Rt,Drain Current (nA),|IG| (pA),gm
0.0,1.488e-11,-4.91e-12,-3.146e-11,0.05,3360215053.76344,0.01488,31.46,-5.450000000000001e-10
0.02,3.98e-12,-1.305e-11,-2.121e-11,0.05,12562814070.3518,0.00398,21.21,-4.6275e-10
0.04,-3.63e-12,-4.92e-12,1.123e-11,0.05,-13774104683.1956,-0.00363,11.23,-7.924999999999996e-11
0.06,8.1e-13,-1.349e-11,4.58e-11,0.05,61728395061.7284,0.00081,45.8,-2.474999999999994e-11
0.08,-4.62e-12,-1.011e-11,2.756e-11,0.05,-10822510822.5108,-0.00462,27.56,-1.7199999999999992e-10
0.1,-6.07e-12,-1.978e-11,1.76e-11,0.05,-8237232289.95058,-0.00607,17.599999999999998,-3.492500000000002e-10
0.12,-1.859e-11,-1.488e-11,-1.542e-11,0.05,-2689618074.23346,-0.01859,15.42,-2.3375000000000046e-10
0.14,-1.542e-11,-1.89e-11,3.187e-11,0.05,-3242542153.04799,-0.01542,31.87,-3.400000000000019e-11
0.16,-1.995e-11,-1.414e-11,4.332e-11,0.05,-2506265664.1604,-0.01995,43.32,-7.000000000000002e-11
0.18,-1.822e-11,-1.484e-11,8.257e-11,0.05,-2744237102.08562,-0.01822,82.57000000000001,1.2000000000000165e-11
0.2,-1.947e-11,-1.605e-11,4.036e-11,0.05,-2568053415.51104,-0.019469999999999998,40.36,-1.2975000000000015e-10
0.22,-2.341e-11,-2.01e-11,2.491e-11,0.05,-2135839384.87826,-0.02341,24.91,-2.407500000000001e-10
0.24,-2.91e-11,-2.363e-11,1.47e-11,0.05,-1718213058.41924,-0.029099999999999997,14.700000000000001,-2.5375e-10
0.26,-3.356e-11,-1.585e-11,5.228e-11,0.05,-1489868891.53754,-0.03356,52.28,-5.949999999999995e-11
0.28,-3.148e-11,-2.007e-11,8.238e-11,0.05,-1588310038.11944,-0.031479999999999994,82.38000000000001,-1.5000000000000465e-11
0.3,-3.416e-11,-1.703e-11,7.403e-11,0.05,-1463700234.19204,-0.03416,74.03,-5.950000000000026e-11
0.32,-3.386e-11,-2.686e-11,6.144e-11,0.05,-1476668635.55818,-0.03386,61.44,-3.2474999999999973e-10
0.34,-4.715e-11,-2.262e-11,2.068e-11,0.05,-1060445387.06257,-0.04715,20.68,-2.094999999999988e-10
0.36,-4.224e-11,-2.651e-11,6.546e-11,0.05,-1183712121.21212,-0.04224,65.46,-3.199999999999927e-11
0.38,-4.843e-11,-1.857e-11,7.815e-11,0.05,-1032417922.77514,-0.04843,78.14999999999999,-1.7500000000000198e-11
0.4,-4.294e-11,-2.174e-11,1.1644e-10,0.05,-1164415463.43735,-0.04294,116.43999999999998,4.4999999999999534e-11
0.42,-4.663e-11,-2.255e-11,7.029e-11,0.05,-1072271070.12653,-0.04663,70.28999999999999,-1.665e-10
0.44,-4.96e-11,-2.524e-11,6.076e-11,0.05,-1008064516.12903,-0.049600000000000005,60.760000000000005,-1.9749999999999978e-10
0.46,-5.453e-11,-3.168e-11,4.249e-11,0.05,-916926462.497708,-0.054529999999999995,42.49,-2.5900000000000024e-10
0.48,-5.996e-11,-2.372e-11,8.884e-11,0.05,-833889259.506338,-0.059960000000000006,88.84,-8.875000000000055e-11
0.5,-5.808e-11,-2.699e-11,1.1768e-10,0.05,-860881542.699725,-0.05808,117.68,-3.1499999999999736e-11
0.52,-6.122e-11,-2.487e-11,1.0544e-10,0.05,-816726559.947729,-0.06122,105.44,-2.824999999999998e-11
0.54,-5.921e-11,-3.543e-11,9.169e-11,0.05,-844451950.684006,-0.05920999999999999,91.69,-2.7699999999999977e-10
0.56,-7.23e-11,-2.888e-11,5.671e-11,0.05,-691562932.226833,-0.0723,56.709999999999994,-2.3499999999999846e-10
0.58,-6.861e-11,-3.312e-11,9.621e-11,0.05,-728756740.999854,-0.06860999999999999,96.21,2.0000000000001172e-11
0.6,-7.15e-11,-2.625e-11,1.0701e-10,0.05,-699300699.300699,-0.0715,107.01,5.749999999999985e-11
0.62,-6.631e-11,-3.037e-11,1.4637e-10,0.05,-754034082.340522,-0.06631000000000001,146.37,-1.2250000000000035e-11
0.64,-7.199e-11,-2.774e-11,1.0541e-10,0.05,-694540908.459508,-0.07199,105.41,-1.0875000000000006e-10
0.66,-7.066e-11,-3.327e-11,1.0149e-10,0.05,-707613925.842061,-0.07066,101.49000000000001,-1.6525000000000002e-10
0.68,-7.86e-11,-3.575e-11,6.625e-11,0.05,-636132315.521629,-0.0786,66.25,-2.8125000000000004e-10
0.7,-8.191e-11,-3.265e-11,1.1717e-10,0.05,-610426077.402027,-0.08191000000000001,117.16999999999999,-6.00000000000002e-11
0.72,-8.1e-11,-3.347e-11,1.4434e-10,0.05,-617283950.617284,-0.081,144.34,1.4000000000000158e-11
0.74,-8.135e-11,-3.179e-11,1.4312e-10,0.05,-614628149.969269,-0.08134999999999999,143.12,4.24999999999998e-11
0.76,-7.93e-11,-4.143e-11,1.1891e-10,0.05,-630517023.959647,-0.0793,118.91000000000001,-2.1949999999999991e-10
0.78,-9.013e-11,-3.612e-11,9.076e-11,0.05,-554754243.869966,-0.09013,90.76,-1.5624999999999974e-10
0.8,-8.555e-11,-4.018e-11,1.2216e-10,0.05,-584453535.943892,-0.08555,122.16,3.499999999999833e-11
0.82,-8.873e-11,-3.321e-11,1.3181e-10,0.05,-563507269.243773,-0.08873,131.81,4.1499999999999495e-11
0.84,-8.389e-11,-3.832e-11,1.7237e-10,0.05,-596018595.780188,-0.08388999999999999,172.37,3.150000000000015e-11
0.86,-8.747e-11,-3.592e-11,1.3016e-10,0.05,-571624556.990968,-0.08746999999999999,130.16,-5.825000000000029e-11
0.88,-8.622e-11,-4.033e-11,1.0503e-10,0.05,-579911853.398283,-0.08622,105.03,-9.450000000000004e-11
0.9,-9.125e-11,-4.48e-11,1.12e-10,0.05,-547945205.479452,-0.09125,112.0,-1.9799999999999994e-10
0.92,-9.414e-11,-3.49e-11,1.4329e-10,0.05,-531123858.083705,-0.09414,143.29,1.0375000000000101e-10
0.94,-8.71e-11,-4.345e-11,1.7339e-10,0.05,-574052812.858783,-0.0871,173.39000000000001,6.050000000000201e-11
0.96,-9.172e-11,-4.044e-11,1.4455e-10,0.05,-545137374.618404,-0.09172,144.55,-7.524999999999971e-11
0.98,-9.011e-11,-4.881e-11,1.3678e-10,0.05,-554877372.100766,-0.09011,136.78,-1.5250000000000046e-10
1.0,-9.782e-11,-4.581e-11,9.691e-11,0.05,-511142915.55919,-0.09782,96.91000000000001,-5.649999999999996e-11
1.02,-9.237e-11,-4.938e-11,1.4597e-10,0.05,-541301288.297066,-0.09237,145.97,1.700000000000025e-11
1.04,-9.714e-11,-4.444e-11,1.5491e-10,0.05,-514721021.206506,-0.09714,154.91000000000003,8.12499999999999e-11
1.06,-8.912e-11,-4.538e-11,1.8633e-10,0.05,-561041292.639138,-0.08912,186.32999999999998,2.0424999999999958e-10
1.08,-8.897e-11,-4.851e-11,1.3884e-10,0.05,-561987186.692143,-0.08897000000000001,138.84,-2.274999999999974e-11
1.1,-9.003e-11,-5.101e-11,1.2544e-10,0.05,-555370432.078196,-0.09003,125.44000000000001,-8.449999999999945e-11
1.12,-9.235e-11,-5.505e-11,1.1194e-10,0.05,-541418516.513265,-0.09235,111.94,-8.700000000000022e-11
1.14,-9.351e-11,-4.782e-11,1.4756e-10,0.05,-534702170.890814,-0.09351,147.56,1.1399999999999857e-10
1.16,-8.779e-11,-5.168e-11,1.7696e-10,0.05,-569540949.994305,-0.08779,176.96,1.284999999999997e-10
1.18,-8.837e-11,-5.049e-11,1.6006e-10,0.05,-565802874.278601,-0.08837,160.05999999999997,6.599999999999998e-11
1.2,-8.515e-11,-5.902e-11,1.4859e-10,0.05,-587199060.481503,-0.08515,148.59,-1.2899999999999945e-10
1.22,-9.353e-11,-5.549e-11,1.1014e-10,0.05,-534587832.780926,-0.09353,110.14,-3.999999999999986e-11
1.24,-8.675e-11,-5.997e-11,1.4839e-10,0.05,-576368876.080692,-0.08675,148.39,6.974999999999968e-11
1.26,-9.074e-11,-5.306e-11,1.5528e-10,0.05,-551024906.325766,-0.09074,155.28,1.237499999999997e-10
1.28,-8.18e-11,-5.633e-11,1.9356e-10,0.05,-611246943.765281,-0.0818,193.56,2.0650000000000006e-10
1.3,-8.248e-11,-5.658e-11,1.4528e-10,0.05,-606207565.470417,-0.08248,145.28,9.500000000000019e-12
1.32,-8.142e-11,-6.175e-11,1.3384e-10,0.05,-614099729.796119,-0.08142,133.84,-4.699999999999994e-11
1.34,-8.436e-11,-6.49e-11,1.0897e-10,0.05,-592697961.119014,-0.08435999999999999,108.97,-3.7750000000000206e-11
1.36,-8.293e-11,-6.202e-11,1.4969e-10,0.05,-602918123.718799,-0.08293,149.69,1.1800000000000063e-10
1.38,-7.964e-11,-6.409e-11,1.7316e-10,0.05,-627825213.460573,-0.07964,173.16,1.4025000000000104e-10
1.4,-7.732e-11,-6.272e-11,1.67e-10,0.05,-646663217.796172,-0.07732,167.0,1.4374999999999963e-10
1.42,-7.389e-11,-7.182e-11,1.4411e-10,0.05,-676681553.660847,-0.07389,144.11,-1.190000000000001e-10
1.44,-8.208e-11,-6.88e-11,1.1298e-10,0.05,-609161793.37232,-0.08208,112.97999999999999,-1.4499999999999898e-11
1.46,-7.447e-11,-7.387e-11,1.4355e-10,0.05,-671411306.566403,-0.07447000000000001,143.55,1.2475e-10
1.48,-7.709e-11,-6.512e-11,1.498e-10,0.05,-648592554.157478,-0.07709,149.79999999999998,1.5724999999999984e-10
1.5,-6.818e-11,-7.123e-11,1.9426e-10,0.05,-733352889.410384,-0.06818,194.26000000000002,1.8924999999999994e-10
1.52,-6.952e-11,-6.856e-11,1.4476e-10,0.05,-719217491.36939,-0.06952,144.76,6.524999999999996e-11
1.54,-6.557e-11,-7.593e-11,1.3575e-10,0.05,-762543846.271161,-0.06557,135.75,7.749999999999896e-12
1.56,-6.921e-11,-7.89e-11,1.0295e-10,0.05,-722438953.908395,-0.06921,102.95,-7.774999999999986e-11
1.58,-6.868e-11,-7.626e-11,1.5068e-10,0.05,-728013977.868375,-0.06868,150.67999999999998,6.074999999999982e-11
1.6,-6.678e-11,-7.745e-11,1.7133e-10,0.05,-748727163.821504,-0.06678,171.32999999999998,1.6699999999999973e-10
1.62,-6.2e-11,-7.652e-11,1.7274e-10,0.05,-806451612.903226,-0.062000000000000006,172.73999999999998,2.0150000000000018e-10
1.64,-5.872e-11,-8.454e-11,1.4814e-10,0.05,-851498637.60218,-0.05872000000000001,148.14,-6.574999999999742e-11
1.66,-6.463e-11,-8.304e-11,1.1666e-10,0.05,-773634535.045645,-0.06463,116.65999999999998,-1.524999999999992e-11
1.68,-5.933e-11,-8.735e-11,1.3985e-10,0.05,-842743974.380583,-0.05933,139.85,9.67499999999999e-11
1.7,-6.076e-11,-8.054e-11,1.525e-10,0.05,-822909809.084924,-0.06076000000000001,152.5,1.924999999999999e-10
1.72,-5.163e-11,-8.634e-11,1.9003e-10,0.05,-968429207.824908,-0.05163,190.03,1.5524999999999985e-10
1.74,-5.455e-11,-8.635e-11,1.4531e-10,0.05,-916590284.142988,-0.05455,145.30999999999997,7.874999999999996e-11
1.76,-4.848e-11,-9.283e-11,1.3639e-10,0.05,-1031353135.31353,-0.048479999999999995,136.39000000000001,6.750000000000209e-12
1.78,-5.428e-11,-9.456e-11,9.914e-11,0.05,-921149594.694178,-0.05428,99.14,-8.000000000000014e-11
1.8,-5.168e-11,-9.626e-11,1.4922e-10,0.05,-967492260.061919,-0.051680000000000004,149.22,1.3024999999999983e-10
1.82,-4.907e-11,-9.455e-11,1.6922e-10,0.05,-1018952516.81272,-0.049069999999999996,169.22,1.5699999999999997e-10
1.84,-4.54e-11,-9.42e-11,1.7648e-10,0.05,-1101321585.90308,-0.0454,176.48,2.3049999999999977e-10
1.86,-3.985e-11,-1.025e-10,1.4412e-10,0.05,-1254705144.29109,-0.03985,144.11999999999998,7.749999999997e-12
1.88,-4.509e-11,-9.997e-11,1.1644e-10,0.05,-1108893324.46219,-0.045090000000000005,116.43999999999998,-3.6000000000002564e-11
1.9,-4.129e-11,-1.0423e-10,1.3215e-10,0.05,-1210946960.52313,-0.04129,132.15,7.275000000000019e-11
1.92,-4.218e-11,-9.668e-11,1.4899e-10,0.05,-1185395922.23803,-0.042179999999999995,148.98999999999998,2.1724999999999984e-10
1.94,-3.26e-11,-1.0625e-10,1.8567e-10,0.05,-1533742331.28834,-0.032600000000000004,185.67,1.9374999999999977e-10
1.96,-3.443e-11,-1.0493e-10,1.4744e-10,0.05,-1452221899.50624,-0.034429999999999995,147.44,8.049999999999998e-11
1.98,-2.938e-11,-1.1509e-10,1.4069e-10,0.05,-1701837985.02383,-0.02938,140.69,-1.1749999999999985e-11
2.0,-3.49e-11,-1.145e-10,1.0238e-10,0.05,-1432664756.44699,-0.0349,102.38,-2.7999999999999903e-11
2.02,-3.05e-11,-1.1832e-10,1.4519e-10,0.05,-1639344262.29508,-0.0305,145.19,8.12499999999998e-11
2.04,-3.165e-11,-1.1428e-10,1.6293e-10,0.05,-1579778830.96367,-0.031650000000000005,162.93,1.7099999999999982e-10
2.06,-2.366e-11,-1.1626e-10,1.8698e-10,0.05,-2113271344.04057,-0.02366,186.98000000000002,2.862499999999999e-10
2.08,-2.02e-11,-1.2082e-10,1.4149e-10,0.05,-2475247524.75248,-0.0202,141.48999999999998,6.074999999999992e-11
2.1,-2.123e-11,-1.2317e-10,1.2407e-10,0.05,-2355157795.5723,-0.021230000000000002,124.07,2.374999999999984e-11
2.12,-1.925e-11,-1.2964e-10,1.221e-10,0.05,-2597402597.4026,-0.01925,122.1,5.649999999999996e-11
2.14,-1.897e-11,-1.2145e-10,1.4969e-10,0.05,-2635740643.12072,-0.01897,149.69,2.622499999999998e-10
2.16,-8.76e-12,-1.295e-10,1.8242e-10,0.05,-5707762557.07763,-0.00876,182.42000000000002,1.9524999999999982e-10
2.18,-1.116e-11,-1.2822e-10,1.4965e-10,0.05,-4480286738.35125,-0.01116,149.65,7.099999999999996e-11
2.2,-5.92e-12,-1.4052e-10,1.4375e-10,0.05,-8445945945.94595,-0.00592,143.75,-2.349999999999997e-11
2.22,-1.21e-11,-1.371e-10,1.0349e-10,0.05,-4132231404.95868,-0.012100000000000001,103.49,3.9749999999999966e-11
2.24,-4.33e-12,-1.4185e-10,1.506e-10,0.05,-11547344110.8545,-0.0043300000000000005,150.6,1.7224999999999698e-10
2.26,-5.21e-12,-1.4105e-10,1.6524e-10,0.05,-9596928982.72553,-0.00521,165.23999999999998,1.6774999999999702e-10
2.28,2.38e-12,-1.4182e-10,1.8957e-10,0.05,21008403361.3445,0.00238,189.57,2.9349999999999976e-10
2.3,6.53e-12,-1.5006e-10,1.4506e-10,0.05,7656967840.73507,0.00653,145.06,1.3324999999999988e-10
2.32,7.71e-12,-1.5179e-10,1.1911e-10,0.05,6485084306.09598,0.00771,119.10999999999999,9.500000000000019e-12
2.34,6.91e-12,-1.57e-10,1.2925e-10,0.05,7235890014.47178,0.00691,129.25,2.3749999999999996e-11
2.36,8.66e-12,-1.4999e-10,1.4982e-10,0.05,5773672055.42725,0.008660000000000001,149.82,2.679999999999998e-10
2.38,1.763e-11,-1.5847e-10,1.8104e-10,0.05,2836074872.37663,0.01763,181.04,2.5024999999999973e-10
2.4,1.867e-11,-1.5922e-10,1.5178e-10,0.05,2678093197.64328,0.01867,151.78,1.6074999999999978e-10
2.42,2.406e-11,-1.7017e-10,1.4284e-10,0.05,2078137988.36243,0.024059999999999998,142.84,-1.3749999999999927e-11
2.44,1.812e-11,-1.6787e-10,1.0595e-10,0.05,2759381898.45475,0.01812,105.95,4.7000000000000044e-11
2.46,2.594e-11,-1.7418e-10,1.4575e-10,0.05,1927525057.82575,0.02594,145.75,2.0824999999999982e-10
2.48,2.645e-11,-1.7146e-10,1.5959e-10,0.05,1890359168.24197,0.02645,159.58999999999997,2.1524999999999975e-10
2.5,3.455e-11,-1.7431e-10,1.8519e-10,0.05,1447178002.89436,0.03455,185.19,3.839999999999998e-10
2.52,4.181e-11,-1.8208e-10,1.4511e-10,0.05,1195886151.63836,0.04181,145.11,1.4449999999999986e-10
2.54,4.033e-11,-1.8423e-10,1.2104e-10,0.05,1239771881.97372,0.04033,121.04,3.224999999999976e-11
2.56,4.31e-11,-1.91e-10,1.1879e-10,0.05,1160092807.42459,0.0431,118.79,1.0849999999999999e-10
2.58,4.467e-11,-1.8703e-10,1.5118e-10,0.05,1119319453.77211,0.04467,151.17999999999998,2.747499999999997e-10
2.6,5.409e-11,-1.9434e-10,1.7937e-10,0.05,924385283.786282,0.05409,179.37,2.5024999999999983e-10
2.62,5.468e-11,-1.9528e-10,1.5415e-10,0.05,914411119.23921,0.05468,154.15,2.1925000000000004e-10
2.64,6.286e-11,-2.0827e-10,1.4435e-10,0.05,795418390.073179,0.06286,144.35,5.249999999999956e-12
2.66,5.489e-11,-2.0659e-10,1.0276e-10,0.05,910912734.560029,0.054889999999999994,102.76,5.6249999999999677e-11
2.68,6.511e-11,-2.1454e-10,1.4504e-10,0.05,767931193.365074,0.06511,145.04,2.322499999999999e-10
2.7,6.418e-11,-2.1071e-10,1.5561e-10,0.05,779058896.852602,0.06418,155.60999999999999,2.9125e-10
2.72,7.676e-11,-2.1547e-10,1.9373e-10,0.05,651380927.566441,0.07676,193.73000000000002,3.732499999999997e-10
2.74,7.911e-11,-2.1972e-10,1.4254e-10,0.05,632031348.754898,0.07911,142.54,2.0275000000000408e-10
2.76,8.487e-11,-2.2668e-10,1.2459e-10,0.05,589136326.14587,0.08487,124.59,1.6450000000000414e-10
2.78,8.569e-11,-2.346e-10,1.1326e-10,0.05,583498657.953087,0.08569,113.26,7.324999999999951e-11
2.8,8.78e-11,-2.2981e-10,1.4315e-10,0.05,569476082.004556,0.0878,143.15,3.009999999999997e-10
2.82,9.773e-11,-2.3832e-10,1.7285e-10,0.05,511613629.387087,0.09773,172.85,3.1874999999999996e-10
2.84,1.0055e-10,-2.4117e-10,1.5466e-10,0.05,497265042.267529,0.10055,154.66000000000003,2.922499999999997e-10
2.86,1.0942e-10,-2.5411e-10,1.4462e-10,0.05,456954852.860537,0.10941999999999999,144.61999999999998,7.55e-11
2.88,1.0357e-10,-2.5301e-10,1.0557e-10,0.05,482765279.521097,0.10357,105.57000000000001,1.2075000000000044e-10
2.9,1.1425e-10,-2.6155e-10,1.4259e-10,0.05,437636761.487965,0.11425,142.59,2.8099999999999975e-10
2.92,1.1481e-10,-2.5911e-10,1.5018e-10,0.05,435502133.960456,0.11481,150.17999999999998,3.677499999999997e-10
2.94,1.2896e-10,-2.6581e-10,1.8751e-10,0.05,387717121.588089,0.12896000000000002,187.51000000000002,3.7774999999999986e-10
2.96,1.2992e-10,-2.6926e-10,1.4385e-10,0.05,384852216.748769,0.12992,143.85,2.359999999999996e-10
2.98,1.384e-10,-2.8035e-10,1.3113e-10,0.05,361271676.300578,0.1384,131.13,1.779999999999996e-10
3.0,1.3704e-10,-2.8737e-10,9.935e-11,0.05,364856976.065382,0.13704,99.35,1.2700000000000008e-10
3.02,1.4348e-10,-2.8788e-10,1.4652e-10,0.05,348480624.477279,0.14348,146.52,3.044999999999995e-10
3.04,1.4922e-10,-2.9393e-10,1.6591e-10,0.05,335075727.114328,0.14922,165.91,3.25e-10
3.06,1.5648e-10,-2.9561e-10,1.6616e-10,0.05,319529652.351738,0.15648,166.16,4.352499999999997e-10
3.08,1.6663e-10,-3.0978e-10,1.4169e-10,0.05,300066014.523195,0.16663,141.69,1.8624999999999943e-10
3.1,1.6393e-10,-3.1152e-10,1.0865e-10,0.05,305008235.222351,0.16393,108.64999999999999,1.8249999999999932e-10
3.12,1.7393e-10,-3.1911e-10,1.3016e-10,0.05,287471971.48278,0.17393,130.16,3.6324999999999913e-10
3.14,1.7846e-10,-3.1495e-10,1.4486e-10,0.05,280174829.093354,0.17846,144.86,4.712500000000008e-10
3.16,1.9278e-10,-3.286e-10,1.8313e-10,0.05,259363004.461044,0.19278,183.13,3.887499999999999e-10
3.18,1.9401e-10,-3.3115e-10,1.4162e-10,0.05,257718674.295139,0.19401000000000002,141.62,3.199999999999989e-10
3.2,2.0558e-10,-3.4257e-10,1.2911e-10,0.05,243214320.459189,0.20558,129.11,2.430000000000001e-10
3.22,2.0373e-10,-3.4948e-10,9.58e-11,0.05,245422863.593972,0.20373,95.8,9.324999999999986e-11
3.24,2.0931e-10,-3.5424e-10,1.415e-10,0.05,238880129.950791,0.20931,141.5,2.9775000000000344e-10
3.26,2.1564e-10,-3.586e-10,1.6353e-10,0.05,231867928.028195,0.21564,163.53,4.4275000000000077e-10
3.28,2.2702e-10,-3.6377e-10,1.7024e-10,0.05,220244912.342525,0.22702,170.24,5.087499999999995e-10
3.3,2.3599e-10,-3.7847e-10,1.3697e-10,0.05,211873384.465443,0.23598999999999998,136.97,2.1925000000000046e-10
3.32,2.3579e-10,-3.7896e-10,1.1133e-10,0.05,212053098.095763,0.23579000000000003,111.33,2.460000000000002e-10
3.34,2.4583e-10,-3.9035e-10,1.2987e-10,0.05,203392588.37408,0.24583000000000002,129.87,3.5424999999999885e-10
3.36,2.4996e-10,-3.8615e-10,1.3832e-10,0.05,200032005.120819,0.24996,138.32,5.929999999999999e-10
3.38,2.6955e-10,-4.0073e-10,1.7752e-10,0.05,185494342.422556,0.26955,177.52,4.989999999999992e-10
3.4,2.6992e-10,-4.0429e-10,1.3642e-10,0.05,185240071.132187,0.26992,136.42000000000002,3.217499999999992e-10
3.42,2.8242e-10,-4.1751e-10,1.2892e-10,0.05,177041286.027902,0.28242,128.92000000000002,2.807500000000007e-10
3.44,2.8115e-10,-4.2518e-10,9.434e-11,0.05,177841010.136938,0.28115,94.33999999999999,1.9524999999999971e-10
3.46,2.9023e-10,-4.3126e-10,1.3875e-10,0.05,172277159.494194,0.29023,138.75,3.502499999999993e-10
3.48,2.9516e-10,-4.3592e-10,1.5864e-10,0.05,169399647.648733,0.29516,158.64000000000001,5.069999999999992e-10
3.5,3.1051e-10,-4.4194e-10,1.7476e-10,0.05,161025409.809668,0.31051,174.76,6.622500000000007e-10
3.52,3.2165e-10,-4.5798e-10,1.3508e-10,0.05,155448468.832582,0.32165000000000005,135.07999999999998,3.0250000000000056e-10
3.54,3.2261e-10,-4.6207e-10,1.1116e-10,0.05,154985896.283438,0.32261,111.16,2.659999999999989e-10
3.56,3.3229e-10,-4.72e-10,1.1911e-10,0.05,150470974.149087,0.33229,119.10999999999999,3.5475000000000025e-10
3.58,3.368e-10,-4.6996e-10,1.3812e-10,0.05,148456057.007126,0.3368,138.12,5.6175e-10
3.6,3.5476e-10,-4.8599e-10,1.7307e-10,0.05,140940354.042169,0.35476,173.07,5.244999999999975e-10
3.62,3.5778e-10,-4.9087e-10,1.4022e-10,0.05,139750684.778355,0.35778,140.22,4.0549999999999824e-10
3.64,3.7098e-10,-5.0807e-10,1.332e-10,0.05,134778155.156612,0.37098,133.2,2.9975000000000075e-10
3.66,3.6977e-10,-5.1292e-10,9.2e-11,0.05,135219190.307488,0.36977,92.0,3.245000000000007e-10
3.68,3.8396e-10,-5.2359e-10,1.3698e-10,0.05,130221898.114387,0.38395999999999997,136.98,4.917500000000001e-10
3.7,3.8944e-10,-5.2748e-10,1.5121e-10,0.05,128389482.333607,0.38944,151.20999999999998,6.117499999999988e-10
3.72,4.0843e-10,-5.3586e-10,1.7212e-10,0.05,122419998.53096,0.40843,172.12,7.312499999999987e-10
3.74,4.1869e-10,-5.4748e-10,1.2958e-10,0.05,119420096.013757,0.41868999999999995,129.58,4.405000000000032e-10
3.76,4.2605e-10,-5.5793e-10,1.1148e-10,0.05,117357117.709189,0.42605,111.48,3.68250000000004e-10
3.78,4.3342e-10,-5.6924e-10,1.1089e-10,0.05,115361543.076,0.43341999999999997,110.89,3.442499999999999e-10
3.8,4.3982e-10,-5.7014e-10,1.3593e-10,0.05,113682870.265108,0.43982,135.92999999999998,6.672500000000006e-10
3.82,4.6011e-10,-5.882e-10,1.6545e-10,0.05,108669665.949447,0.46010999999999996,165.45000000000002,6.082499999999998e-10
3.84,4.6415e-10,-5.924e-10,1.363e-10,0.05,107723796.186578,0.46415,136.3,4.897499999999995e-10
3.86,4.797e-10,-6.1158e-10,1.3053e-10,0.05,104231811.548885,0.4797,130.53,3.7274999999999915e-10
3.88,4.7906e-10,-6.1808e-10,8.86e-11,0.05,104371059.992485,0.47906,88.6,3.6599999999999977e-10
3.9,4.9434e-10,-6.303e-10,1.33e-10,0.05,101144960.958045,0.49433999999999995,133.0,5.717499999999998e-10
3.92,5.0193e-10,-6.3587e-10,1.4754e-10,0.05,99615484.2308688,0.5019300000000001,147.54,6.482499999999989e-10
3.94,5.2027e-10,-6.4445e-10,1.72e-10,0.05,96103946.0280239,0.52027,172.0,8.01249999999997e-10
3.96,5.3398e-10,-6.5966e-10,1.2752e-10,0.05,93636465.7852354,0.5339799999999999,127.52,5.587500000000016e-10
3.98,5.4262e-10,-6.7081e-10,1.0973e-10,0.05,92145516.1991818,0.54262,109.73,4.280000000000006e-10
4.0,5.511e-10,-6.8646e-10,1.0207e-10,0.05,90727635.6378153,0.5511,102.07000000000001,4.6150000000000383e-10
4.02,5.6108e-10,-6.8865e-10,1.3311e-10,0.05,89113851.8571327,0.56108,133.10999999999999,7.129999999999896e-10
4.04,5.7962e-10,-7.0508e-10,1.6152e-10,0.05,86263413.9608709,0.57962,161.52,7.424999999999916e-10
4.06,5.9078e-10,-7.1581e-10,1.4058e-10,0.05,84633873.8616744,0.59078,140.57999999999998,6.654999999999936e-10
4.08,6.0624e-10,-7.3612e-10,1.2749e-10,0.05,82475587.226181,0.60624,127.49,4.522499999999834e-10
4.1,6.0887e-10,-7.4268e-10,9.036e-11,0.05,82119335.8188119,0.60887,90.36,5.427499999999835e-10
4.12,6.2795e-10,-7.5804e-10,1.2931e-10,0.05,79624173.8991958,0.62795,129.31,6.959999999999885e-10
4.14,6.3671e-10,-7.6406e-10,1.4036e-10,0.05,78528686.5291891,0.63671,140.35999999999999,7.59999999999985e-10
4.16,6.5835e-10,-7.7652e-10,1.7226e-10,0.05,75947444.368497,0.65835,172.26000000000002,8.544999999999896e-10
4.18,6.7089e-10,-7.914e-10,1.2816e-10,0.05,74527865.9690858,0.6708900000000001,128.16,7.057499999999962e-10
4.2,6.8658e-10,-8.1016e-10,1.1147e-10,0.05,72824725.4507851,0.68658,111.47,6.392499999999903e-10
4.22,6.9646e-10,-8.2686e-10,9.779e-11,0.05,71791631.9673779,0.69646,97.79,5.229999999999975e-10
4.24,7.075e-10,-8.3259e-10,1.3376e-10,0.05,70671378.0918728,0.7075,133.76000000000002,7.60750000000009e-10
4.26,7.2689e-10,-8.5136e-10,1.5651e-10,0.05,68786198.7370854,0.7268899999999999,156.51000000000002,8.902500000000036e-10
4.28,7.4311e-10,-8.6465e-10,1.3921e-10,0.05,67284789.6004629,0.74311,139.21,8.920000000000023e-10
4.3,7.6257e-10,-8.8761e-10,1.2884e-10,0.05,65567751.1572708,0.76257,128.84,6.037500000000162e-10
4.32,7.6726e-10,-8.9791e-10,9.081e-11,0.05,65166957.7457446,0.7672599999999999,90.80999999999999,5.870000000000171e-10
4.34,7.8605e-10,-9.1042e-10,9.839e-11,0.05,63609185.166338,0.78605,98.39,1.0292499999999958e-09
4.36,8.0843e-10,-9.2903e-10,9.052e-11,0.05,61848273.8146778,0.80843,90.52,1.2167500000000033e-09
4.38,8.3472e-10,-9.3469e-10,1.1164e-10,0.05,59900325.8577727,0.83472,111.64,1.1562500000000075e-09
4.4,8.5468e-10,-9.5482e-10,1.5138e-10,0.05,58501427.4348294,0.85468,151.38,6.627499999999872e-10
4.42,8.6123e-10,-9.8014e-10,1.0588e-10,0.05,58056500.5863707,0.86123,105.88,7.042499999999846e-10
4.44,8.8285e-10,-9.969e-10,9.077e-11,0.05,56634762.4171717,0.88285,90.77,8.857499999999886e-10
4.46,8.9666e-10,-1.0047e-09,1.1978e-10,0.05,55762496.3754377,0.89666,119.78,1.0162499999999844e-09
4.48,9.235e-10,-1.0287e-09,1.6271e-10,0.05,54141851.6513265,0.9235,162.71,1.0069999999999871e-09
4.5,9.3694e-10,-1.0474e-09,1.1627e-10,0.05,53365210.1521976,0.9369400000000001,116.27,8.855000000000214e-10
4.52,9.5892e-10,-1.0693e-09,9.991e-11,0.05,52141993.0755433,0.95892,99.91,8.750000000000095e-10
4.54,9.7194e-10,-1.0938e-09,1.0162e-10,0.05,51443504.7430911,0.97194,101.61999999999999,7.822500000000069e-10
4.56,9.9021e-10,-1.1023e-09,1.2391e-10,0.05,50494339.5845326,0.99021,123.90999999999998,1.1812499999999862e-09
4.58,1.01919e-09,-1.1287e-09,1.663e-10,0.05,49058566.1162296,1.01919,166.3,1.1204999999999868e-09
4.6,1.03503e-09,-1.1478e-09,1.2238e-10,0.05,48307778.5184971,1.0350300000000001,122.38,1.0824999999999834e-09
4.62,1.06249e-09,-1.172e-09,1.0769e-10,0.05,47059266.4401547,1.06249,107.69000000000001,1.0782499999999819e-09
4.64,1.07816e-09,-1.1993e-09,9.537e-11,0.05,46375306.0770201,1.07816,95.37,8.815000000000003e-10
4.66,1.09775e-09,-1.2095e-09,1.2547e-10,0.05,45547711.2275108,1.09775,125.47000000000001,1.3075000000000135e-09
4.68,1.13046e-09,-1.2392e-09,1.6391e-10,0.05,44229782.5663889,1.13046,163.91,1.2877500000000143e-09
4.7,1.14926e-09,-1.2587e-09,1.2237e-10,0.05,43506256.1996415,1.14926,122.37000000000002,1.3060000000000151e-09
4.72,1.1827e-09,-1.2838e-09,8.861e-11,0.05,42276147.7974127,1.1827,88.61,1.1610000000000228e-09
4.74,1.1957e-09,-1.3119e-09,1.1466e-10,0.05,41816509.1578155,1.1957,114.66,8.42500000000009e-10
4.76,1.2164e-09,-1.3331e-09,1.3566e-10,0.05,41104899.7040447,1.2164000000000001,135.66,1.302499999999988e-09
4.78,1.2478e-09,-1.3572e-09,1.4788e-10,0.05,40070524.1224555,1.2478,147.88000000000002,1.4999999999999936e-09
4.8,1.2764e-09,-1.3914e-09,1.2438e-10,0.05,39172673.1432153,1.2764,124.37999999999998,1.142500000000005e-09
4.82,1.2935e-09,-1.415e-09,7.795e-11,0.05,38654812.5241593,1.2934999999999999,77.95,1.1300000000000108e-09
4.84,1.3216e-09,-1.4363e-09,1.2533e-10,0.05,37832929.7820823,1.3216,125.33,1.5099999999999917e-09
4.86,1.3539e-09,-1.4658e-09,1.5317e-10,0.05,36930349.361105,1.3539,153.17,1.4974999999999974e-09
4.88,1.3815e-09,-1.4916e-09,1.2352e-10,0.05,36192544.3358668,1.3815,123.52000000000001,1.5449999999999917e-09
4.9,1.4157e-09,-1.5263e-09,1.125e-10,0.05,35318217.136399,1.4157,112.5,1.417499999999986e-09
4.92,1.4382e-09,-1.5585e-09,1.0138e-10,0.05,34765679.3213739,1.4382000000000001,101.38000000000001,1.1974999999999947e-09
4.94,1.4636e-09,-1.5781e-09,1.2859e-10,0.05,34162339.4370046,1.4636,128.59,1.7125000000000162e-09
4.96,1.5067e-09,-1.6125e-09,1.7062e-10,0.05,33185106.5241919,1.5067,170.62,1.7675000000000124e-09
4.98,1.5343e-09,-1.6506e-09,1.258e-10,0.05,32588150.9483152,1.5343,125.8,1.2949999999999927e-09
5.0,1.5585e-09,-1.6795e-09,9.246e-11,0.05,32082130.2534488,1.5585,92.46,1.5000000000000333e-09
5.02,1.5943e-09,-1.7135e-09,1.2967e-10,0.05,31361726.1494073,1.5943,129.67000000000002,1.6475000000000152e-09
5.04,1.6244e-09,-1.7452e-09,1.4766e-10,0.05,30780595.9123369,1.6244,147.66,1.7700000000000086e-09
5.06,1.6651e-09,-1.7767e-09,1.4577e-10,0.05,30028226.532941,1.6651,145.77,1.922499999999996e-09
5.08,1.7013e-09,-1.8177e-09,1.2392e-10,0.05,29389290.5425263,1.7012999999999998,123.92,1.584999999999984e-09
5.1,1.7285e-09,-1.854e-09,8.937e-11,0.05,28926815.1576511,1.7285,89.36999999999999,1.5649999999999945e-09
5.12,1.7639e-09,-1.8804e-09,1.3245e-10,0.05,28346278.133681,1.7639,132.45,2.077500000000013e-09
5.14,1.8116e-09,-1.9232e-09,1.7135e-10,0.05,27599911.6802826,1.8116,171.35,2.0750000000000103e-09
5.16,1.8469e-09,-1.9596e-09,1.3098e-10,0.05,27072391.5750717,1.8469,130.98,1.862500000000001e-09
5.18,1.8861e-09,-1.9998e-09,1.0632e-10,0.05,26509729.0705689,1.8860999999999999,106.32000000000001,1.8150000000000067e-09
5.2,1.9195e-09,-2.0426e-09,1.2643e-10,0.05,26048450.117218,1.9194999999999998,126.42999999999999,1.747500000000003e-09
5.22,1.956e-09,-2.0779e-09,1.4119e-10,0.05,25562372.1881391,1.956,141.19,2.229999999999981e-09
5.24,2.0087e-09,-2.1172e-09,1.6099e-10,0.05,24891721.0135909,2.0086999999999997,160.99,2.339999999999993e-09
5.26,2.0496e-09,-2.169e-09,1.3223e-10,0.05,24395003.9032006,2.0496,132.23,1.8000000000000161e-09
5.28,2.0807e-09,-2.2067e-09,8.848e-11,0.05,24030374.393233,2.0807,88.48,1.9100000000000085e-09
5.3,2.126e-09,-2.2502e-09,1.3202e-10,0.05,23518344.3085607,2.126,132.02,2.3874999999999875e-09
5.32,2.1762e-09,-2.2969e-09,1.6123e-10,0.05,22975829.4274423,2.1762,161.23,2.437499999999998e-09
5.34,2.2235e-09,-2.3369e-09,1.3558e-10,0.05,22487069.9347875,2.2235,135.58,2.4824999999999893e-09
5.36,2.2755e-09,-2.3888e-09,1.2051e-10,0.05,21973192.7049,2.2754999999999996,120.51,2.2124999999999743e-09
5.38,2.312e-09,-2.437e-09,1.0171e-10,0.05,21626297.5778547,2.312,101.71000000000001,2.0724999999999942e-09
5.4,2.3584e-09,-2.4744e-09,1.3648e-10,0.05,21200814.1112619,2.3584,136.48,2.685000000000027e-09
5.42,2.4194e-09,-2.5263e-09,1.7676e-10,0.05,20666280.8960899,2.4194,176.76,2.6475000000000044e-09
5.44,2.4643e-09,-2.5837e-09,1.3274e-10,0.05,20289737.4507974,2.4642999999999997,132.74,2.3350000000000007e-09
5.46,2.5128e-09,-2.6344e-09,1.0115e-10,0.05,19898121.6173193,2.5128,101.14999999999999,2.5500000000000063e-09
5.48,2.5663e-09,-2.6891e-09,1.3031e-10,0.05,19483302.8094923,2.5663,130.30999999999997,2.4774999999999903e-09
5.5,2.6119e-09,-2.7382e-09,1.5106e-10,0.05,19143152.4943528,2.6119,151.06,2.7750000000000497e-09
5.52,2.6773e-09,-2.7904e-09,1.5553e-10,0.05,18675531.318866,2.6773,155.53,3.075000000000006e-09
5.54,2.7349e-09,-2.8558e-09,1.3321e-10,0.05,18282204.1025266,2.7349,133.21,2.537499999999979e-09
5.56,2.7788e-09,-2.9111e-09,9.226e-11,0.05,17993378.4367353,2.7788,92.26,2.614999999999974e-09
5.58,2.8395e-09,-2.9618e-09,1.4129e-10,0.05,17608733.9320303,2.8395,141.29000000000002,3.3175000000000163e-09
5.6,2.9115e-09,-3.0267e-09,1.721e-10,0.05,17173278.3788425,2.9115,172.1,3.202500000000005e-09
5.62,2.9676e-09,-3.0842e-09,1.3587e-10,0.05,16848631.8910904,2.9676,135.87,2.954999999999989e-09
5.64,3.0297e-09,-3.1465e-09,1.1822e-10,0.05,16503284.1535466,3.0297,118.22000000000001,2.980000000000004e-09
5.66,3.0868e-09,-3.2135e-09,1.2271e-10,0.05,16198004.4058572,3.0868,122.71000000000001,2.9524999999999995e-09
5.68,3.1478e-09,-3.2696e-09,1.398e-10,0.05,15884109.5368194,3.1477999999999997,139.8,3.3624999999999747e-09
5.7,3.2213e-09,-3.3342e-09,1.7596e-10,0.05,15521683.7922578,3.2213,175.96,3.4749999999999964e-09
5.72,3.2868e-09,-3.409e-09,1.3723e-10,0.05,15212364.609955,3.2868,137.23,3.0100000000000117e-09
5.74,3.3417e-09,-3.4759e-09,9.67e-11,0.05,14962444.2648951,3.3417000000000003,96.7,3.2250000000000173e-09
5.76,3.4158e-09,-3.5431e-09,1.3998e-10,0.05,14637859.3594473,3.4158,139.98,3.6149999999999963e-09
5.78,3.4863e-09,-3.6115e-09,1.6462e-10,0.05,14341852.3936552,3.4863,164.62,3.7100000000000114e-09
5.8,3.5642e-09,-3.6807e-09,1.4492e-10,0.05,14028393.46838,3.5642,144.92000000000002,3.875e-09
5.82,3.6413e-09,-3.7607e-09,1.2872e-10,0.05,13731359.6792354,3.6412999999999998,128.72,3.5149999999999756e-09
5.84,3.7048e-09,-3.8373e-09,1.0136e-10,0.05,13496005.182466,3.7047999999999996,101.36,3.4174999999999973e-09
5.86,3.778e-09,-3.9026e-09,1.3955e-10,0.05,13234515.6167284,3.778,139.55,4.145000000000028e-09
5.88,3.8706e-09,-3.9874e-09,1.7725e-10,0.05,12917893.866584,3.8706,177.25,4.145000000000028e-09
5.9,3.9438e-09,-4.0621e-09,1.381e-10,0.05,12678127.6941021,3.9438000000000004,138.1,3.8899999999999905e-09
5.92,4.0262e-09,-4.1455e-09,1.1442e-10,0.05,12418657.7914659,4.0262,114.42,3.939999999999994e-09
5.94,4.1014e-09,-4.2321e-09,1.2852e-10,0.05,12190959.1846687,4.1014,128.52,3.830000000000002e-09
5.96,4.1794e-09,-4.3092e-09,1.4795e-10,0.05,11963439.7281907,4.1794,147.95,4.36249999999997e-09
5.98,4.2759e-09,-4.3946e-09,1.7478e-10,0.05,11693444.6549264,4.2759,174.78,4.632499999999999e-09
6.0,4.3647e-09,-4.4921e-09,1.4253e-10,0.05,11455541.0452036,4.3647,142.53,3.940000000000074e-09
6.02,4.4335e-09,-4.5699e-09,9.954e-11,0.05,11277771.5123492,4.4334999999999996,99.54,4.172499999999967e-09
6.04,4.5316e-09,-4.6601e-09,1.3821e-10,0.05,11033630.5057816,4.5316,138.21,4.760000000000011e-09
6.06,4.6239e-09,-4.7507e-09,1.7091e-10,0.05,10813382.6423582,4.6239,170.91,4.682499999999989e-09
6.08,4.7189e-09,-4.841e-09,1.4524e-10,0.05,10595689.6734408,4.7189000000000005,145.24,4.882500000000004e-09
6.1,4.8192e-09,-4.9406e-09,1.2621e-10,0.05,10375166.002656,4.8192,126.21,4.730000000000003e-09
6.12,4.9081e-09,-5.0344e-09,1.1433e-10,0.05,10187241.498747,4.908099999999999,114.33,4.5724999999999835e-09
6.14,5.0021e-09,-5.1295e-09,1.4321e-10,0.05,9995801.76325943,5.0021,143.20999999999998,5.267500000000004e-09
6.16,5.1188e-09,-5.2366e-09,1.8591e-10,0.05,9767914.35492694,5.1188,185.91,5.3224999999999605e-09
6.18,5.215e-09,-5.3405e-09,1.3851e-10,0.05,9587727.70853308,5.215,138.51,4.969999999999971e-09
6.2,5.3176e-09,-5.4467e-09,1.1462e-10,0.05,9402738.07732812,5.3176,114.62,5.214999999999984e-09
6.22,5.4236e-09,-5.5568e-09,1.4025e-10,0.05,9218968.95051258,5.4236,140.25,5.2525000000000134e-09
6.24,5.5277e-09,-5.658e-09,1.5753e-10,0.05,9045353.40195742,5.5277,157.53,5.51749999999997e-09
6.26,5.6443e-09,-5.7639e-09,1.6362e-10,0.05,8858494.41029003,5.644299999999999,163.62,5.787499999999958e-09
6.28,5.7592e-09,-5.8877e-09,1.4024e-10,0.05,8681761.35574385,5.7592,140.24,5.454999999999992e-09
6.3,5.8625e-09,-5.9991e-09,1.0005e-10,0.05,8528784.64818763,5.862500000000001,100.05000000000001,5.542499999999998e-09
6.32,5.9809e-09,-6.1082e-09,1.4593e-10,0.05,8359945.82755104,5.9809,145.93,6.0474999999999885e-09
6.34,6.1044e-09,-6.2263e-09,1.7998e-10,0.05,8190813.1839329,6.1044,179.98000000000002,6.012500000000002e-09
6.36,6.2214e-09,-6.3447e-09,1.4655e-10,0.05,8036776.28829524,6.2214,146.55,5.994999999999995e-09
6.38,6.3442e-09,-6.4689e-09,1.2657e-10,0.05,7881214.33750512,6.3442,126.57000000000001,6.064999999999995e-09
6.4,6.464e-09,-6.6003e-09,1.2753e-10,0.05,7735148.51485149,6.464,127.53,6.007499999999996e-09
6.42,6.5845e-09,-6.7119e-09,1.5421e-10,0.05,7593591.00918825,6.5845,154.21,6.579999999999944e-09
6.44,6.7272e-09,-6.8385e-09,1.8707e-10,0.05,7432512.78392199,6.7272,187.07,6.747499999999988e-09
6.46,6.8544e-09,-6.9836e-09,1.4459e-10,0.05,7294584.50046685,6.8544,144.58999999999997,6.085000000000018e-09
6.48,6.9706e-09,-7.1114e-09,1.049e-10,0.05,7172983.67428916,6.9706,104.89999999999999,6.425000000000006e-09
6.5,7.1114e-09,-7.2487e-09,1.4194e-10,0.05,7030964.36707259,7.1114,141.94,6.915000000000165e-09
6.52,7.2472e-09,-7.3801e-09,1.7467e-10,0.05,6899216.24903411,7.2472,174.67000000000002,6.992500000000001e-09
6.54,7.3911e-09,-7.5141e-09,1.5626e-10,0.05,6764892.91174521,7.391100000000001,156.26000000000002,7.234999999999972e-09
6.56,7.5366e-09,-7.6639e-09,1.3581e-10,0.05,6634291.32500066,7.5366,135.81,6.917499999999996e-09
6.58,7.6678e-09,-7.8044e-09,1.1452e-10,0.05,6520775.18975456,7.667800000000001,114.52,6.822499999999994e-09
6.6,7.8095e-09,-7.9412e-09,1.4996e-10,0.05,6402458.54408093,7.8095,149.95999999999998,7.779999999999955e-09
6.62,7.979e-09,-8.101e-09,1.9031e-10,0.05,6266449.4297531,7.979,190.31,7.917499999999991e-09
6.64,8.1262e-09,-8.2521e-09,1.4973e-10,0.05,6152937.41232064,8.1262,149.73000000000002,7.207500000000033e-09
6.66,8.2673e-09,-8.3989e-09,1.2501e-10,0.05,6047923.74777739,8.2673,125.00999999999999,7.447499999999988e-09
6.68,8.4241e-09,-8.5608e-09,1.4136e-10,0.05,5935352.14444273,8.424100000000001,141.35999999999999,7.629999999999996e-09
6.7,8.5725e-09,-8.7146e-09,1.6001e-10,0.05,5832604.25780111,8.5725,160.01,8.230000000000041e-09
6.72,8.7533e-09,-8.8827e-09,1.7948e-10,0.05,5712131.42471982,8.753300000000001,179.48000000000002,8.605000000000017e-09
6.74,8.9167e-09,-9.0552e-09,1.5057e-10,0.05,5607455.6730629,8.9167,150.57,8.042499999999974e-09
6.76,9.075e-09,-9.2166e-09,1.0859e-10,0.05,5509641.87327824,9.075000000000001,108.59,8.384999999999952e-09
6.78,9.2521e-09,-9.3862e-09,1.5089e-10,0.05,5404178.51082457,9.252099999999999,150.89000000000001,8.577499999999999e-09
6.8,9.4181e-09,-9.5463e-09,1.7606e-10,0.05,5308926.42889755,9.4181,176.06,8.410000000000007e-09
6.82,9.5885e-09,-9.7102e-09,1.5847e-10,0.05,5214579.96558377,9.5885,158.47,8.637500000000014e-09
6.84,9.7636e-09,-9.8952e-09,1.4095e-10,0.05,5121061.90339629,9.7636,140.95,8.74000000000001e-09
6.86,9.9381e-09,-1.00846e-08,1.2129e-10,0.05,5031142.77376963,9.9381,121.29,8.752499999999985e-09
6.88,1.01137e-08,-1.02447e-08,1.5101e-10,0.05,4943789.11773139,10.113700000000001,151.01,9.49499999999994e-09
6.9,1.03179e-08,-1.04394e-08,1.9427e-10,0.05,4845947.33424437,10.3179,194.26999999999998,9.509999999999931e-09
6.92,1.04941e-08,-1.06265e-08,1.5022e-10,0.05,4764582.00322086,10.4941,150.22,8.920000000000003e-09
6.94,1.06747e-08,-1.08183e-08,1.2635e-10,0.05,4683972.38329883,10.6747,126.35000000000001,8.769999999999939e-09
6.96,1.08449e-08,-1.10045e-08,1.5858e-10,0.05,4610462.0605077,10.8449,158.58,9.834999999999955e-09
6.98,1.10681e-08,-1.11912e-08,1.7606e-10,0.05,4517487.19292381,11.068100000000001,176.06,1.0037499999999986e-08
7.0,1.12464e-08,-1.1403e-08,1.3785e-10,0.05,4445867.12192346,11.2464,137.85,9.162500000000133e-09
7.02,1.14346e-08,-1.16164e-08,1.5925e-10,0.05,4372693.40422927,11.4346,159.25,9.925000000000005e-09
7.04,1.16434e-08,-1.1805e-08,1.1896e-10,0.05,4294278.3035883,11.6434,118.96,1.0500000000000048e-08
7.06,1.18546e-08,-1.20396e-08,1.8324e-10,0.05,4217772.00411655,11.854600000000001,183.24,1.0824999999999966e-08
7.08,1.20764e-08,-1.22454e-08,1.0573e-10,0.05,4140306.71392137,12.0764,105.73,1.0794999999999932e-08
7.1,1.22864e-08,-1.24464e-08,1.3733e-10,0.05,4069540.30472718,12.2864,137.33,9.880000000000033e-09
7.12,1.24716e-08,-1.26472e-08,1.6321e-10,0.05,4009108.69495494,12.4716,163.21,1.0420000000000063e-08
7.14,1.27032e-08,-1.28712e-08,1.15e-10,0.05,3936016.12192204,12.7032,115.0,1.080500000000005e-08
7.16,1.29038e-08,-1.30704e-08,1.9072e-10,0.05,3874827.57017313,12.9038,190.72,1.0610000000000014e-08
7.18,1.31276e-08,-1.32952e-08,1.1505e-10,0.05,3808769.3104604,13.1276,115.05000000000001,1.1500000000000017e-08
7.2,1.33638e-08,-1.35566e-08,1.3609e-10,0.05,3741450.78495638,13.363800000000001,136.09,1.1949999999999998e-08
7.22,1.36056e-08,-1.3779e-08,1.5375e-10,0.05,3674957.3704945,13.605599999999999,153.75,1.2120000000000032e-08
7.24,1.38486e-08,-1.40142e-08,1.4371e-10,0.05,3610473.26083503,13.848600000000001,143.70999999999998,1.1759999999999994e-08
7.26,1.4076e-08,-1.4224e-08,1.3957e-10,0.05,3552145.49587951,14.076,139.57,1.1639999999999964e-08
7.28,1.43142e-08,-1.44894e-08,1.4519e-10,0.05,3493034.88843247,14.3142,145.19,1.2005000000000034e-08
7.3,1.45562e-08,-1.47276e-08,1.3498e-10,0.05,3434962.42151111,14.5562,134.98000000000002,1.1900000000000047e-08
7.32,1.47902e-08,-1.49626e-08,1.4971e-10,0.05,3380616.89497099,14.7902,149.70999999999998,1.214499999999998e-08
7.34,1.5042e-08,-1.52136e-08,1.4444e-10,0.05,3324026.06036431,15.042,144.44,1.2020000000000077e-08
7.36,1.5271e-08,-1.54582e-08,1.478e-10,0.05,3274179.8179556,15.271,147.79999999999998,1.1790000000000028e-08
7.38,1.55136e-08,-1.569e-08,1.5247e-10,0.05,3222978.54785479,15.5136,152.47,1.3264999999999874e-08
7.4,1.58016e-08,-1.5955e-08,1.2978e-10,0.05,3164236.53300932,15.8016,129.78,1.2759999999999858e-08
7.42,1.6024e-08,-1.61832e-08,1.4454e-10,0.05,3120319.52071892,16.023999999999997,144.54,1.1005000000000012e-08
7.44,1.62418e-08,-1.64172e-08,1.4549e-10,0.05,3078476.52353803,16.2418,145.49,1.3010000000000141e-08
7.46,1.65444e-08,-1.6724e-08,1.446e-10,0.05,3022170.64384323,16.5444,144.6,1.4140000000000046e-08
7.48,1.68074e-08,-1.69954e-08,1.5664e-10,0.05,2974880.11233147,16.8074,156.64,1.3209999999999944e-08
7.5,1.70728e-08,-1.72488e-08,1.2616e-10,0.05,2928635.02178905,17.0728,126.16000000000001,1.3220000000000326e-08
7.52,1.73362e-08,-1.75108e-08,1.4335e-10,0.05,2884138.39249663,17.3362,143.35,1.2375000000000083e-08
7.54,1.75678e-08,-1.77772e-08,1.5033e-10,0.05,2846116.18984733,17.567800000000002,150.33,1.366999999999999e-08
7.56,1.7883e-08,-1.80384e-08,1.4418e-10,0.05,2795951.46228262,17.883,144.18,1.4630000000000019e-08
7.58,1.8153e-08,-1.83336e-08,1.736e-10,0.05,2754365.66958629,18.153000000000002,173.6,1.3725000000000025e-08
7.6,1.8432e-08,-1.85888e-08,1.3031e-10,0.05,2712673.61111111,18.432,130.30999999999997,1.3884999999999942e-08
7.62,1.87084e-08,-1.88784e-08,1.2128e-10,0.05,2672596.26691753,18.7084,121.27999999999999,1.3840000000000023e-08
7.64,1.89856e-08,-1.91736e-08,1.4359e-10,0.05,2633574.91993932,18.9856,143.59,1.2720000000000077e-08
7.66,1.92172e-08,-1.93822e-08,1.4274e-10,0.05,2601835.85537956,19.217200000000002,142.73999999999998,1.3165000000000079e-08
7.68,1.95122e-08,-1.97048e-08,1.413e-10,0.05,2562499.35937516,19.5122,141.29999999999998,1.460999999999989e-08
7.7,1.98016e-08,-1.99658e-08,1.6879e-10,0.05,2525048.48093083,19.8016,168.79,1.4084999999999904e-08
7.72,2.00756e-08,-2.02596e-08,1.3541e-10,0.05,2490585.58648309,20.075599999999998,135.41,1.4880000000000038e-08
7.74,2.03968e-08,-2.05752e-08,1.1742e-10,0.05,2451364.91998745,20.3968,117.41999999999999,1.4344999999999987e-08
7.76,2.06494e-08,-2.07996e-08,1.4024e-10,0.05,2421377.86085794,20.6494,140.24,1.3145000000000003e-08
7.78,2.09226e-08,-2.1114e-08,1.4065e-10,0.05,2389760.35483162,20.9226,140.65,1.5145000000000047e-08
7.8,2.12552e-08,-2.14084e-08,1.399e-10,0.05,2352365.5387858,21.255200000000002,139.9,1.7469999999999957e-08
7.82,2.16214e-08,-2.17878e-08,1.6918e-10,0.05,2312523.70336796,21.6214,169.18,1.516999999999989e-08
7.84,2.1862e-08,-2.20414e-08,1.3588e-10,0.05,2287073.46079956,21.862000000000002,135.88,1.4339999999999743e-08
7.86,2.2195e-08,-2.2367e-08,1.1321e-10,0.05,2252759.63054742,22.195,113.21000000000001,1.674500000000006e-08
7.88,2.25318e-08,-2.26736e-08,1.4226e-10,0.05,2219085.91413025,22.531799999999997,142.26000000000002,1.4100000000000106e-08
7.9,2.2759e-08,-2.2985e-08,1.4252e-10,0.05,2196933.08141834,22.759,142.51999999999998,1.4870000000000185e-08
7.92,2.31266e-08,-2.3312e-08,1.375e-10,0.05,2162012.57426513,23.1266,137.5,1.675500000000002e-08
7.94,2.34292e-08,-2.36054e-08,1.5439e-10,0.05,2134089.08541478,23.429199999999998,154.39,1.6090000000000087e-08
7.96,2.37702e-08,-2.39004e-08,1.4142e-10,0.05,2103474.09781996,23.770200000000003,141.42,1.665999999999994e-08
7.98,2.40956e-08,-2.42296e-08,1.1086e-10,0.05,2075067.6472053,24.0956,110.86,1.5839999999999962e-08
8.0,2.44038e-08,-2.45792e-08,1.8502e-10,0.05,2048861.24292118,24.4038,185.02,1.4675000000000308e-08
8.02,2.46826e-08,-2.48622e-08,1.0631e-10,0.05,2025718.52235988,24.6826,106.31,1.5300000000000302e-08
8.04,2.50158e-08,-2.51738e-08,1.3015e-10,0.05,1998736.79834345,25.0158,130.15,1.6289999999999784e-08
8.06,2.53342e-08,-2.549e-08,1.4705e-10,0.05,1973616.69206054,25.334200000000003,147.05,1.6209999999999587e-08
8.08,2.56642e-08,-2.57832e-08,1.3548e-10,0.05,1948239.18142783,25.6642,135.48000000000002,1.1510000000000187e-08
8.1,2.57946e-08,-2.59788e-08,1.0893e-10,0.05,1938390.20570197,25.7946,108.93,1.6435000000000292e-08
8.12,2.63216e-08,-2.63322e-08,1.3946e-10,0.05,1899580.57260957,26.3216,139.46,2.2115000000000063e-08
8.14,2.66792e-08,-2.6824e-08,1.4363e-10,0.05,1874119.16399292,26.6792,143.63,1.7684999999999433e-08
8.16,2.7029e-08,-2.71508e-08,1.3282e-10,0.05,1849864.95985793,27.029,132.82000000000002,1.675000000000041e-08
8.18,2.73492e-08,-2.75088e-08,1.4992e-10,0.05,1828207.04079096,27.3492,149.92000000000002,1.3725000000000343e-08
8.2,2.7578e-08,-2.77154e-08,1.4127e-10,0.05,1813039.37921532,27.578,141.26999999999998,1.427999999999957e-08
8.22,2.79204e-08,-2.80614e-08,1.0854e-10,0.05,1790805.2893225,27.9204,108.53999999999999,1.5624999999999427e-08
8.24,2.8203e-08,-2.84182e-08,1.3675e-10,0.05,1772861.04315144,28.203,136.75,1.8725000000000295e-08
8.26,2.86694e-08,-2.8858e-08,1.4407e-10,0.05,1744019.7562558,28.6694,144.07,2.002000000000036e-08
8.28,2.90038e-08,-2.91382e-08,1.3145e-10,0.05,1723912.03911212,29.0038,131.45,1.6234999999999854e-08
8.3,2.93188e-08,-2.94772e-08,1.703e-10,0.05,1705390.3979699,29.3188,170.29999999999998,1.5369999999999482e-08
8.32,2.96186e-08,-2.98086e-08,1.0513e-10,0.05,1688128.40579906,29.6186,105.13000000000001,1.6240000000000415e-08
8.34,2.99684e-08,-3.01588e-08,1.135e-10,0.05,1668424.07335727,29.968400000000003,113.5,1.959500000000038e-08
8.36,3.04024e-08,-3.05596e-08,1.3704e-10,0.05,1644607.00471015,30.4024,137.04,1.8094999999999845e-08
8.38,3.06922e-08,-3.08648e-08,1.4276e-10,0.05,1629078.39776881,30.6922,142.76000000000002,1.4914999999999628e-08
8.4,3.0999e-08,-3.11678e-08,9.45e-11,0.05,1612955.25662118,30.999,94.5,1.4320000000000462e-08
8.42,3.1265e-08,-3.14482e-08,1.3638e-10,0.05,1599232.36846314,31.265000000000004,136.38,1.3895000000000483e-08
8.44,3.15548e-08,-3.17956e-08,1.6682e-10,0.05,1584544.98206295,31.554800000000004,166.82,1.7109999999999443e-08
8.46,3.19494e-08,-3.19916e-08,1.3089e-10,0.05,1564974.61611173,31.949399999999997,130.89,1.984999999999948e-08
8.48,3.23488e-08,-3.25542e-08,1.1639e-10,0.05,1545652.38896033,32.348800000000004,116.39,1.8955000000000503e-08
8.5,3.27076e-08,-3.285e-08,1.3905e-10,0.05,1528696.69434627,32.7076,139.05,1.592000000000016e-08
8.52,3.29856e-08,-3.3152e-08,1.4176e-10,0.05,1515812.96080714,32.9856,141.76000000000002,1.6970000000000237e-08
8.54,3.33864e-08,-3.35818e-08,9.728e-11,0.05,1497615.79565332,33.3864,97.28,1.3830000000000383e-08
8.56,3.35388e-08,-3.37018e-08,1.3771e-10,0.05,1490810.64319534,33.5388,137.71,1.1479999999999888e-08
8.58,3.38456e-08,-3.40726e-08,1.753e-10,0.05,1477296.90122202,33.845600000000005,175.3,1.7000000000000324e-08
8.6,3.42188e-08,-3.43386e-08,1.2948e-10,0.05,1461185.07954692,34.2188,129.48,1.7905000000000318e-08
8.62,3.45618e-08,-3.471e-08,1.2003e-10,0.05,1446683.91113889,34.5618,120.03,1.6284999999999858e-08
8.64,3.48702e-08,-3.50032e-08,1.2805e-10,0.05,1433889.10875189,34.8702,128.05,1.3424999999999367e-08
8.66,3.50988e-08,-3.55048e-08,1.476e-10,0.05,1424550.12706987,35.0988,147.60000000000002,1.8410000000000494e-08
8.68,3.56066e-08,-3.57622e-08,1.3812e-10,0.05,1404234.046497,35.6066,138.12,2.2315000000000607e-08
8.7,3.59914e-08,-3.61004e-08,1.0752e-10,0.05,1389220.75829226,35.991400000000006,107.52,1.6329999999999935e-08
8.72,3.62598e-08,-3.64186e-08,1.3418e-10,0.05,1378937.55619171,36.2598,134.18,1.3654999999999364e-08
8.74,3.65376e-08,-3.67206e-08,1.7856e-10,0.05,1368453.31932037,36.5376,178.56,1.5485000000000433e-08
8.76,3.68792e-08,-3.70532e-08,1.0588e-10,0.05,1355777.78259832,36.8792,105.88,1.644000000000043e-08
8.78,3.71952e-08,-3.73062e-08,1.3338e-10,0.05,1344259.47434078,37.1952,133.38,1.9169999999999344e-08
8.8,3.7646e-08,-3.78104e-08,1.4406e-10,0.05,1328162.35456622,37.646,144.06,1.941499999999912e-08
8.82,3.79718e-08,-3.81602e-08,1.3673e-10,0.05,1316766.65314786,37.9718,136.73,1.3820000000000318e-08
8.84,3.81988e-08,-3.8311e-08,1.0193e-10,0.05,1308941.64214583,38.1988,101.93,1.2000000000000372e-08
8.86,3.84518e-08,-3.85704e-08,1.1342e-10,0.05,1300329.24336442,38.4518,113.41999999999999,1.4804999999999556e-08
8.88,3.8791e-08,-3.89636e-08,1.3269e-10,0.05,1288958.77909824,38.791,132.69,1.8784999999999516e-08
8.9,3.92032e-08,-3.93288e-08,1.4007e-10,0.05,1275406.08929883,39.2032,140.07,1.8160000000000263e-08
8.92,3.95174e-08,-3.96162e-08,9.08e-11,0.05,1265265.42738136,39.517399999999995,90.8,1.2000000000000266e-08
8.94,3.96832e-08,-3.99112e-08,1.3619e-10,0.05,1259979.03394888,39.68320000000001,136.19,1.263999999999951e-08
8.96,4.0023e-08,-4.02648e-08,1.6988e-10,0.05,1249281.66304375,40.023,169.88000000000002,1.7934999999999558e-08
8.98,4.04006e-08,-4.06656e-08,1.3164e-10,0.05,1237605.38209829,40.4006,131.64,2.2090000000000537e-08
9.0,4.09066e-08,-4.09984e-08,1.1534e-10,0.05,1222296.64650692,40.906600000000005,115.34,1.6605000000000326e-08
9.02,4.10648e-08,-4.12508e-08,1.2354e-10,0.05,1217587.81243303,41.0648,123.53999999999999,1.1395000000000083e-08
9.04,4.13624e-08,-4.1512e-08,1.4489e-10,0.05,1208827.34077326,41.3624,144.89000000000001,1.5124999999999707e-08
9.06,4.16698e-08,-4.18602e-08,1.3489e-10,0.05,1199909.76678554,41.669799999999995,134.89000000000001,1.597999999999959e-08
9.08,4.20016e-08,-4.22412e-08,1.0388e-10,0.05,1190430.84072988,42.001599999999996,103.88,1.906500000000047e-08
9.1,4.24324e-08,-4.25996e-08,1.3501e-10,0.05,1178344.84969033,42.4324,135.01000000000002,9.50000000000029e-09
9.12,4.23816e-08,-4.27412e-08,1.7562e-10,0.05,1179757.25314759,42.3816,175.62,1.1889999999998712e-08
9.14,4.2908e-08,-4.31388e-08,1.1345e-10,0.05,1165283.86314906,42.908,113.45,2.9204999999999367e-08
9.16,4.35498e-08,-4.3583e-08,9.21e-11,0.05,1148110.89832789,43.5498,92.1,1.7215000000000224e-08
9.18,4.35966e-08,-4.36336e-08,9.404e-11,0.05,1146878.4262993,43.5966,94.04,1.2875000000000279e-08
9.2,4.40648e-08,-4.40906e-08,1.2587e-10,0.05,1134692.54370836,44.0648,125.87,2.3474999999999593e-08
9.22,4.45356e-08,-4.45844e-08,1.789e-10,0.05,1122697.34773979,44.5356,178.9,1.6619999999998835e-08
9.24,4.47296e-08,-4.48056e-08,1.0471e-10,0.05,1117828.01545285,44.729600000000005,104.71000000000001,2.8950000000002916e-09
9.26,4.46514e-08,-4.50282e-08,9.006e-11,0.05,1119785.71780504,44.6514,90.06,6.044999999999999e-09
9.28,4.49714e-08,-4.52632e-08,1.3026e-10,0.05,1111817.73304812,44.9714,130.26,1.9484999999999357e-08
9.3,4.54308e-08,-4.55166e-08,1.6442e-10,0.05,1100574.94034884,45.4308,164.42000000000002,1.9404999999999054e-08
9.32,4.57476e-08,-4.58954e-08,1.2646e-10,0.05,1092953.51012949,45.7476,126.46,1.2840000000000372e-08
9.34,4.59444e-08,-4.63232e-08,1.111e-10,0.05,1088271.91126666,45.9444,111.1,6.725000000000135e-09
9.36,4.60166e-08,-4.62992e-08,1.3432e-10,0.05,1086564.41371157,46.0166,134.32000000000002,1.0484999999999316e-08
9.38,4.63638e-08,-4.65272e-08,1.7138e-10,0.05,1078427.56633408,46.3638,171.38,1.6704999999999487e-08
9.4,4.66848e-08,-4.68762e-08,9.844e-11,0.05,1071012.40660772,46.6848,98.44,1.4595000000000324e-08
9.42,4.69476e-08,-4.70754e-08,9.64e-11,0.05,1065017.16807675,46.9476,96.39999999999999,1.4470000000000261e-08
9.44,4.72636e-08,-4.73782e-08,1.1257e-10,0.05,1057896.56310565,47.2636,112.57000000000001,1.4600000000000038e-08
9.46,4.75316e-08,-4.7709e-08,1.3172e-10,0.05,1051931.76749783,47.531600000000005,131.72,1.2314999999999432e-08
9.48,4.77562e-08,-4.78712e-08,1.7159e-10,0.05,1046984.4753142,47.7562,171.59,1.1740000000000077e-08
9.5,4.80012e-08,-4.81442e-08,9.411e-11,0.05,1041640.62565103,48.0012,94.11,1.797500000000045e-08
9.52,4.84752e-08,-4.85088e-08,1.3328e-10,0.05,1031455.25959666,48.4752,133.28,1.3630000000000368e-08
9.54,4.85464e-08,-4.87754e-08,1.5234e-10,0.05,1029942.48801147,48.5464,152.33999999999997,1.0224999999999339e-08
9.56,4.88842e-08,-4.89514e-08,1.1419e-10,0.05,1022825.37097876,48.8842,114.19,1.0394999999999161e-08
9.58,4.89622e-08,-4.91154e-08,1.1582e-10,0.05,1021195.94299276,48.9622,115.82,8.099999999999973e-09
9.6,4.92082e-08,-4.94866e-08,1.2725e-10,0.05,1016090.8141326,49.2082,127.25,1.575500000000037e-08
9.62,4.95924e-08,-4.98182e-08,1.5451e-10,0.05,1008219.00129859,49.5924,154.51,1.3960000000000371e-08
9.64,4.97666e-08,-5.00136e-08,1.2918e-10,0.05,1004689.89241781,49.766600000000004,129.17999999999998,1.2839999999999736e-08
9.66,5.0106e-08,-5.02328e-08,1.0778e-10,0.05,997884.484892029,50.106,107.78,1.2945000000000094e-08
9.68,5.02844e-08,-5.04284e-08,1.2224e-10,0.05,994344.170358998,50.2844,122.24000000000001,1.1440000000000267e-08
9.7,5.05636e-08,-5.0726e-08,1.2656e-10,0.05,988853.641750192,50.5636,126.56,1.1919999999999964e-08
9.72,5.07612e-08,-5.1008e-08,1.6056e-10,0.05,985004.294618725,50.761199999999995,160.56,1.1114999999999554e-08
9.74,5.10082e-08,-5.11954e-08,1.2176e-10,0.05,980234.550523249,51.0082,121.76,1.8685000000000567e-08
9.76,5.15086e-08,-5.16228e-08,1.3984e-10,0.05,970711.686980427,51.5086,139.84,1.0710000000000233e-08
9.78,5.14366e-08,-5.16142e-08,1.6575e-10,0.05,972070.471220882,51.4366,165.75,9.999999999998634e-10
9.8,5.15486e-08,-5.17904e-08,9.208e-11,0.05,969958.446980132,51.5486,92.08,6.999999999999891e-09
9.82,5.17166e-08,-5.18096e-08,9.614e-11,0.05,966807.562755479,51.7166,96.14,1.3785000000000411e-08
9.84,5.21e-08,-5.23294e-08,1.8099e-10,0.05,959692.898272553,52.1,180.98999999999998,1.5205000000000433e-08
9.86,5.23248e-08,-5.24316e-08,1.1214e-10,0.05,955569.825398282,52.3248,112.14,1.1729999999999801e-08
9.88,5.25692e-08,-5.28086e-08,8.945e-11,0.05,951127.276047572,52.5692,89.45,1.1634999999999508e-08
9.9,5.27902e-08,-5.29028e-08,9.429e-11,0.05,947145.492913458,52.790200000000006,94.29,1.1834999999999947e-08
9.92,5.30426e-08,-5.3175e-08,1.2551e-10,0.05,942638.558441706,53.0426,125.50999999999999,8.98500000000005e-09
9.94,5.31496e-08,-5.31842e-08,1.7652e-10,0.05,940740.852235953,53.1496,176.52,9.234999999999751e-09
9.96,5.3412e-08,-5.36232e-08,1.1022e-10,0.05,936119.224144387,53.412,110.22,9.444999999999196e-09
9.98,5.35274e-08,-5.37454e-08,9.116e-11,0.05,934101.039841278,53.5274,91.16,1.3135000000000044e-08
10.0,5.39374e-08,-5.39742e-08,9.617e-11,0.05,927000.559908338,53.9374,96.17,2.050000000000019e-08
